<?xml version="1.0" encoding="UTF-8" ?>
<!DOCTYPE struts PUBLIC
	"-//Apache Software Foundation//DTD Struts Configuration 2.3//EN"
	"http://struts.apache.org/dtds/struts-2.3.dtd">

<struts>

    <constant name="struts.enable.DynamicMethodInvocation" value="false" />
    <constant name="struts.devMode" value="true" />

    <package name="default" namespace="/" extends="struts-default">
	
		<!-- 定义新的拦截器栈, 配置 prepare 拦截器栈的 alwaysInvokePrepare 参数值为 false -->
		<interceptors>
			<interceptor-stack name="sshStack">
				<interceptor-ref name="paramsPrepareParamsStack">
					<param name="prepare.alwaysInvokePrepare">false</param>
				</interceptor-ref>
			</interceptor-stack>
		</interceptors>
		
		<!-- 使用新的拦截器栈 -->
		<default-interceptor-ref name="sshStack"></default-interceptor-ref>
	
        <action name="emp-*" class="employeeAction"
        	method="{1}">
        	<result name="list">/WEB-INF/views/emp-list.jsp</result>
        	<result type="stream" name="ajax-success">
		        <param name="contentType">text/html</param>
		        <param name="inputName">inputStream</param>
		    </result>	
		    <result name="input">/WEB-INF/views/emp-input.jsp</result>
		    <result name="success" type="redirect">/emp-list</result>
        </action>
        	
    </package>

</struts>
