<?xml version="1.0" encoding="UTF-8" ?>
<!DOCTYPE struts PUBLIC
	"-//Apache Software Foundation//DTD Struts Configuration 2.3//EN"
	"http://struts.apache.org/dtds/struts-2.3.dtd">

<struts>
	
    <package name="default" namespace="/" extends="struts-default">

		<action name="testValidation" class="com.atguigu.struts2.validation.app.TestValidationAction">
			<result>/success.jsp</result>
			
			<!-- 若验证失败转向的 input -->
			<result name="input">/validation.jsp</result>
		</action>
    </package>


</struts>
