<?xml version="1.0"?>
<!DOCTYPE hibernate-mapping PUBLIC "-//Hibernate/Hibernate Mapping DTD 3.0//EN"
"http://hibernate.sourceforge.net/hibernate-mapping-3.0.dtd">

<hibernate-mapping>
    <class name="com.atguigu.spring.hibernate.entities.Book" table="SH_BOOK">
    
        <id name="id" type="java.lang.Integer">
            <column name="ID" />
            <generator class="native" />
        </id>
        
        <property name="bookName" type="java.lang.String">
            <column name="BOOK_NAME" />
        </property>
        
        <property name="isbn" type="java.lang.String">
            <column name="ISBN" />
        </property>
        
        <property name="price" type="int">
            <column name="PRICE" />
        </property>
        
        <property name="stock" type="int">
            <column name="STOCK" />
        </property>
        
    </class>
</hibernate-mapping>
