<?xml version="1.0" encoding="UTF-8" ?>
<!DOCTYPE mapper PUBLIC "-//mybatis.org//DTD Mapper 3.0//EN" "http://mybatis.org/dtd/mybatis-3-mapper.dtd" >
<mapper namespace="com.lqb.mapper.ItemsMapperCustom" >

   <!-- 定义商品查询的sql片段，就是商品查询条件 -->
   <sql id="query_items_where">
   	<!-- 使用动态sql，通过if判断，满足条件进行sql拼接 -->
   	<!-- 商品查询条件通过ItemsQueryVo包装对象 中itemsCustom属性传递 -->
   		<if test="itemsCustom!=null">
   			<if test="itemsCustom.name!=null and itemsCustom.name!=''">
   				items.name LIKE '%${itemsCustom.name}%'
   			</if>
   		</if>
	
   </sql>
  	
  	<!-- 商品列表查询 -->
  	<!-- parameterType传入包装对象(包装了查询条件)
  		resultType建议使用扩展对象
  	 -->
  	<!-- <select id="findItemsList" parameterType="com.lqb.po.ItemsQueryVo"
  		 resultType="com.lqb.po.ItemsCustom">
  		SELECT items.* FROM items  
  		<where>
  			<include refid="query_items_where"></include>
  		</where>
  	</select> -->
  	
  	<select id="findItemsList" resultType="com.lqb.po.ItemsCustom">
  		SELECT items.* FROM items  
  	</select>
  	
</mapper>