<?xml version="1.0"?>
<!DOCTYPE hibernate-mapping PUBLIC "-//Hibernate/Hibernate Mapping DTD 3.0//EN"
"http://hibernate.sourceforge.net/hibernate-mapping-3.0.dtd">

<hibernate-mapping>

    <class name="com.atguigu.hibernate.entities.Department" table="GG_DEPARTMENT">
        
        <id name="id" type="java.lang.Integer">
            <column name="ID" />
            <generator class="native" />
        </id>
    
        <property name="name" type="java.lang.String">
            <column name="NAME" />
        </property>
        
        <set name="emps" table="GG_EMPLOYEE" inverse="true" lazy="true">
            <key>
                <column name="DEPT_ID" />
            </key>
            <one-to-many class="com.atguigu.hibernate.entities.Employee" />
        </set>
        
    </class>
</hibernate-mapping>
