<?xml version="1.0"?>
<!DOCTYPE hibernate-mapping PUBLIC "-//Hibernate/Hibernate Mapping DTD 3.0//EN"
"http://hibernate.sourceforge.net/hibernate-mapping-3.0.dtd">

<hibernate-mapping>

    <class name="com.atguigu.hibernate.entities.Employee" table="GG_EMPLOYEE">
    	
    	<!--  
    	<cache usage="read-write"/>
    	-->
    		
        <id name="id" type="java.lang.Integer">
            <column name="ID" />
            <generator class="native" />
        </id>
    
        <property name="name" type="java.lang.String">
            <column name="NAME" />
        </property>
        
        <property name="salary" type="float">
            <column name="SALARY" />
        </property>
        
        <property name="email" type="java.lang.String">
            <column name="EMAIL" />
        </property>
        
        <many-to-one name="dept" class="com.atguigu.hibernate.entities.Department">
            <column name="DEPT_ID" />
        </many-to-one>
        
    </class>
    
</hibernate-mapping>
