<?xml version="1.0" encoding="UTF-8"?>
<!DOCTYPE hibernate-configuration PUBLIC
		"-//Hibernate/Hibernate Configuration DTD 3.0//EN"
		"http://hibernate.sourceforge.net/hibernate-configuration-3.0.dtd">
<hibernate-configuration>
    <session-factory>
    
    	<!-- 配置 hibernate 的基本属性 -->
    	<!-- 1. 数据源需配置到 IOC 容器中, 所以在此处不再需要配置数据源 -->
    	<!-- 2. 关联的 .hbm.xml 也在 IOC 容器配置 SessionFactory 实例时在进行配置 -->
    	<!-- 3. 配置 hibernate 的基本属性: 方言, SQL 显示及格式化, 生成数据表的策略以及二级缓存等. -->
    	<property name="hibernate.dialect">org.hibernate.dialect.MySQL5InnoDBDialect</property>

		<property name="hibernate.show_sql">true</property>
		<property name="hibernate.format_sql">true</property>
		
		<property name="hibernate.hbm2ddl.auto">update</property>
		
		<!-- 配置 hibernate 二级缓存相关的属性. -->
		    	
    </session-factory>
</hibernate-configuration>
