<?xml version="1.0" encoding="UTF-8" ?>
<!DOCTYPE struts PUBLIC
	"-//Apache Software Foundation//DTD Struts Configuration 2.3//EN"
	"http://struts.apache.org/dtds/struts-2.3.dtd">

<struts>

	
	<!-- 配置国际化资源文件,value表示资源文件开头 -->
	<constant name="struts.custom.i18n.resources" value="i18n"></constant>
	
    <package name="default" namespace="/" extends="struts-default">

		<action name="testI18n" class="com.atguigu.struts2.i18n.app.TestI18nAction">
			<result>/i18n.jsp</result>
		</action>
			
    </package>


</struts>
