<?xml version="1.0" encoding="UTF-8" ?>
<!DOCTYPE struts PUBLIC
	"-//Apache Software Foundation//DTD Struts Configuration 2.3//EN"
	"http://struts.apache.org/dtds/struts-2.3.dtd">

<struts>
    <package name="default" namespace="/" extends="struts-default">
		
		<action name="testToken" class="com.atguigu.struts2.token.app.TokenAction">
			<interceptor-ref name="tokenSession"></interceptor-ref>
			<interceptor-ref name="defaultStack"></interceptor-ref>
			<result>/success.jsp</result>
			<result name="invalid.token">/token-error.jsp</result>
		</action>
					
    </package>


</struts>
