<?xml version="1.0" encoding="UTF-8" ?>
<!DOCTYPE mapper
PUBLIC "-//mybatis.org//DTD Mapper 3.0//EN"
"http://mybatis.org/dtd/mybatis-3-mapper.dtd">



<mapper namespace="com.lqb.mybatis.mapper.UserMapper">
	<select id="findUserById" parameterType="int" resultType="com.lqb.mybatis.po.User">
		select * from user where id = #{id}
	</select>
	
	<select id="findUserByName" parameterType="String" resultType="com.lqb.mybatis.po.User">
		select * from user where username like '%${value}%'
	</select>
	
	<insert id="insertUser" parameterType="com.lqb.mybatis.po.User">
		insert into user(username,birthday,sex,address) values(#{username},#{birthday},#{sex},#{address})
		<selectKey keyProperty="id" order="AFTER" resultType="int">
			select last_insert_id()
		</selectKey>
	</insert>
	
	<!--看这个！！！参数类型和返回类型以及sql语句的书写都要注意看了-->
	<select id="findUserList" parameterType="com.lqb.mybatis.po.UserQueryVo" resultType="com.lqb.mybatis.po.UserCustom">
		select * from user where user.sex = #{userCustom.sex} and user.username like '%${userCustom.username}%'
	</select>
</mapper>
