<?xml version="1.0" encoding="UTF-8"?>
<beans xmlns="http://www.springframework.org/schema/beans"
	xmlns:xsi="http://www.w3.org/2001/XMLSchema-instance"
	xmlns:context="http://www.springframework.org/schema/context"
	xsi:schemaLocation="http://www.springframework.org/schema/beans http://www.springframework.org/schema/beans/spring-beans.xsd
		http://www.springframework.org/schema/context http://www.springframework.org/schema/context/spring-context-4.0.xsd">

	<!-- 配置自动扫描的包(包括它的子包)中的类,但是这些类首先要被component、controller等先标记 -->
	<!-- resource-pattern表示指定扫描的资源 -->
	<context:component-scan base-package="com.atguigu.spring.ref"
		resource-pattern="repository/*.class">
	</context:component-scan>
	
	<context:component-scan base-package="com.atguigu.spring.ref">
		<!-- 不包含这个包下的repository组件 -->
		<context:exclude-filter type="annotation" expression="org.springframework.stereotype.Repository"/>
	</context:component-scan>
	
	<context:component-scan base-package="com.atguigu.spring.ref" use-default-filters="false">
		<!-- 只包含这个包下的repository组件 ,要指定use-default-filters为true才行，两者配合使用-->
		<context:include-filter type="annotation" expression="org.springframework.stereotype.Repository"/>
	</context:component-scan>

	<!-- 采用assignable -->
	<context:component-scan base-package="com.atguigu.spring.ref">
		<context:exclude-filter type="assignable" expression="com.lqb.test.InstanceFactory"/>
	</context:component-scan>
	<!-- 同样要和use-default-filter配合使用 -->
	<context:component-scan base-package="com.atguigu.spring.ref" use-default-filters="false">
		<context:include-filter type="assignable" expression="com.lqb.test.InstanceFactory"/>
	</context:component-scan>
</beans>
