<?xml version="1.0" encoding="UTF-8"?>
<beans xmlns="http://www.springframework.org/schema/beans"
	xmlns:xsi="http://www.w3.org/2001/XMLSchema-instance"
	xmlns:context="http://www.springframework.org/schema/context"
	xmlns:jpa="http://www.springframework.org/schema/data/jpa"
	xmlns:tx="http://www.springframework.org/schema/tx"
	xsi:schemaLocation="http://www.springframework.org/schema/beans http://www.springframework.org/schema/beans/spring-beans.xsd
		http://www.springframework.org/schema/context http://www.springframework.org/schema/context/spring-context-4.2.xsd
		http://www.springframework.org/schema/data/jpa http://www.springframework.org/schema/data/jpa/spring-jpa-1.8.xsd
		http://www.springframework.org/schema/tx http://www.springframework.org/schema/tx/spring-tx-4.2.xsd">

	<context:property-placeholder location="classpath:db.properties"/>

	<bean id="dataSource" class="com.alibaba.druid.pool.DruidDataSource">
		<property name="username" value="${jdbc.user}"></property>
		<property name="password" value="${jdbc.password}"></property>
		<!-- <property name="driverClassName" value="${jdbc.driverClass}"></property> -->
		<property name="url" value="${jdbc.jdbcUrl}"></property>
		<!-- 初始化连接大小 -->
		<!-- 初始化连接大小 -->
		<property name="initialSize" value="0" />
		<!-- 连接池最大使用连接数量 -->
		<property name="maxActive" value="20" />
		
		<!-- 连接池最小空闲 -->
		<property name="minIdle" value="0" />
		<!-- 获取连接最大等待时间 -->
		<property name="maxWait" value="60000" />
		<property name="poolPreparedStatements" value="true" />
		<property name="maxPoolPreparedStatementPerConnectionSize" value="33" />
		<!-- 用来检测有效sql -->
		<property name="validationQuery" value="${validationQuery}" />
		<property name="testOnBorrow" value="false" />
		<property name="testOnReturn" value="false" />
		<property name="testWhileIdle" value="true" />
		<!-- 配置间隔多久才进行一次检测，检测需要关闭的空闲连接，单位是毫秒 -->
		<property name="timeBetweenEvictionRunsMillis" value="60000" />
		<!-- 配置一个连接在池中最小生存的时间，单位是毫秒 -->
		<property name="minEvictableIdleTimeMillis" value="25200000" />
		<!-- 打开removeAbandoned功能 -->
		<property name="removeAbandoned" value="true" />
		<!-- 1800秒，也就是30分钟 -->
		<property name="removeAbandonedTimeout" value="1800" />
		<!-- 关闭abanded连接时输出错误日志 -->
		<property name="logAbandoned" value="true" />
		<!-- 监控数据库 -->
		<property name="filters" value="mergeStat" />
	</bean>
	
	<!-- 2. 配置 JPA 的 EntityManagerFactory -->
	<bean id="entityManagerFactory" 
		class="org.springframework.orm.jpa.LocalContainerEntityManagerFactoryBean">
		<property name="dataSource" ref="dataSource"></property>
		<property name="jpaVendorAdapter">
			<bean class="org.springframework.orm.jpa.vendor.HibernateJpaVendorAdapter"></bean>
		</property>
		<property name="packagesToScan" value="com.lqb.springdata.domain"></property>
		<property name="jpaProperties">
			<props>
				<!-- 二级缓存相关 -->
				<!--  
				<prop key="hibernate.cache.region.factory_class">org.hibernate.cache.ehcache.EhCacheRegionFactory</prop>
				<prop key="net.sf.ehcache.configurationResourceName">ehcache-hibernate.xml</prop>
				-->
				<!-- 生成的数据表的列的映射策略 表示类的属性 = 数据库表列名-->
				<prop key="hibernate.ejb.naming_strategy">org.hibernate.cfg.ImprovedNamingStrategy</prop>
				<!-- hibernate 基本属性 -->
				<prop key="hibernate.dialect">org.hibernate.dialect.MySQL5InnoDBDialect</prop>
				<prop key="hibernate.show_sql">true</prop>
				<prop key="hibernate.format_sql">true</prop>
				<prop key="hibernate.hbm2ddl.auto">update</prop>
			</props>
		</property>
	</bean>
	
	<!-- 3. 配置事务管理器 -->
	<bean id="transactionManager"
		class="org.springframework.orm.jpa.JpaTransactionManager">
		<property name="entityManagerFactory" ref="entityManagerFactory"></property>	
	</bean>

	<!-- 4. 配置支持注解的事务 -->
	<tx:annotation-driven transaction-manager="transactionManager"/>
	
	<!-- 5. 配置 SpringData -->
	<!-- 加入  jpa 的命名空间 -->
	<!-- base-package: 扫描 Repository Bean 所在的 package -->
	<jpa:repositories base-package="com.lqb.springdata.repository"
		entity-manager-factory-ref="entityManagerFactory"></jpa:repositories>
	
</beans>
