<?xml version="1.0" encoding="UTF-8"?>
<!DOCTYPE hibernate-configuration PUBLIC
		"-//Hibernate/Hibernate Configuration DTD 3.0//EN"
		"http://hibernate.sourceforge.net/hibernate-configuration-3.0.dtd">
<hibernate-configuration>
    <session-factory>
    
    	<!-- Hibernate 连接数据库的基本信息 -->
    	<property name="connection.username">scott</property>
    	<property name="connection.password">java</property>
    	<property name="connection.driver_class">oracle.jdbc.driver.OracleDriver</property>
    	<property name="connection.url">jdbc:oracle:thin:@localhost:1521:orcl</property>

		<!-- Hibernate 的基本配置 -->
		<!-- Hibernate 使用的数据库方言 -->
		<property name="dialect">org.hibernate.dialect.Oracle10gDialect</property>
	
		<!-- 运行时是否打印 SQL -->
    	<property name="show_sql">true</property>
    
    	<!-- 运行时是否格式化 SQL -->
    	<property name="format_sql">true</property>
    
    	<!-- 生成数据表的策略 -->
    	<property name="hbm2ddl.auto">update</property>
    	
    	<!-- 设置 Hibernate 的事务隔离级别 -->
    	<property name="connection.isolation">2</property>
    	
    	<!-- 删除对象后, 使其 OID 置为 null -->
    	<property name="use_identifier_rollback">true</property>

		<!-- 需要关联的 hibernate 映射文件 .hbm.xml -->
		<mapping resource="com/atguigu/hibernate/entities/Department.hbm.xml"/>
		<mapping resource="com/atguigu/hibernate/entities/Employee.hbm.xml"/>
    	
    	<!-- $$$$$$$$$$$$$$$$$$$$$$$$$$$$$$$$$$$$$$ -->
    	<!-- 启用二级缓存 -->
		<property name="cache.use_second_level_cache">true</property>
    	
    	<!-- 配置使用的二级缓存的产品 -->
    	<property name="hibernate.cache.region.factory_class">org.hibernate.cache.ehcache.EhCacheRegionFactory</property>
    	
		<class-cache usage="read-write" class="com.atguigu.hibernate.entities.Employee"/>
		<class-cache usage="read-write" class="com.atguigu.hibernate.entities.Department"/>
	
    </session-factory>
</hibernate-configuration>
