<?xml version="1.0"?>
<!DOCTYPE hibernate-mapping PUBLIC "-//Hibernate/Hibernate Mapping DTD 3.0//EN"
"http://hibernate.sourceforge.net/hibernate-mapping-3.0.dtd">
<!-- Generated 2016-3-23 10:40:27 by Hibernate Tools 3.5.0.Final -->
<hibernate-mapping>
    <class name="com.lqb.testHibernate.Person" table="PERSON">
     <id name="id" type="int">
            <column name="id" />
             <!-- 指定主键的生成方式, native: 使用数据库本地方式 -->
            <generator class="native" />
        </id>
        <property name="name" type="java.lang.String">
            <column name="NAME" />
        </property>
        <property name="age" type="int">
            <column name="AGE" />
        </property>
        <property name="isMarried" type="boolean" access="field">
            <column name="ISMARRIED" />
        </property>
    </class>
</hibernate-mapping>
