<?xml version="1.0" encoding="UTF-8"?>
<beans xmlns="http://www.springframework.org/schema/beans"
	xmlns:xsi="http://www.w3.org/2001/XMLSchema-instance"
	xmlns:context="http://www.springframework.org/schema/context"
	xsi:schemaLocation="http://www.springframework.org/schema/beans http://www.springframework.org/schema/beans/spring-beans.xsd
		http://www.springframework.org/schema/context http://www.springframework.org/schema/context/spring-context-4.0.xsd">

	<!-- 自动装配: 只声明 bean, 而把 bean 之间的关系交给 IOC 容器来完成 -->
	<!--  
		byType: 根据类型进行自动装配. 但要求 IOC 容器中只有一个类型对应的 bean, 若有多个则无法完成自动装配.
		byName: 若属性名和某一个 bean 的 id 名一致, 即可完成自动装配. 若没有 id 一致的, 则无法完成自动装配
	-->
	<!-- 在使用 XML 配置时, 自动装配用的不多. 但在基于 注解 的配置时, 自动装配使用的较多.  -->
	<bean id="people" class="com.atguigu.spring.ref.People"  p:name="lqb" autowire="byType">
				<!-- 自动把下面的address属性和car属性装配到People中来 -->
	</bean>

	<bean id="address" class="com.atguigu.spring.ref.Address">
		<property name="name" value="Henggang"></property>				
	</bean>

	<bean id="car" class="com.atguigu.spring.ref.Car">
		<property name="brand" value="BWN"></property>				
	</bean>
	
</beans>
