<?xml version="1.0"?>
<!DOCTYPE hibernate-mapping PUBLIC "-//Hibernate/Hibernate Mapping DTD 3.0//EN"
"http://hibernate.sourceforge.net/hibernate-mapping-3.0.dtd">

<hibernate-mapping>

    <class name="com.atguigu.hibernate.n2n.Item" table="ITEMS">
        
        <id name="id" type="java.lang.Integer">
            <column name="ID" />
            <generator class="native" />
        </id>
        
        <property name="name" type="java.lang.String">
            <column name="NAME" />
        </property>
        
    </class>
</hibernate-mapping>
