<?xml version="1.0" encoding="UTF-8" ?>
<!DOCTYPE struts PUBLIC
	"-//Apache Software Foundation//DTD Struts Configuration 2.3//EN"
	"http://struts.apache.org/dtds/struts-2.3.dtd">

<struts>

    <constant name="struts.enable.DynamicMethodInvocation" value="false" />
    <constant name="struts.devMode" value="true" />

    <package name="default" namespace="/" extends="struts-default">
		
		<!--  
			Spring 整合 Struts2 时, 在 Struts2 中配置的 Spring 的 Action 的 class 需要指向 IOC 容器中该 bean 的 id
		-->
		<action name="person-save" class="personAction">
			<result>/success.jsp</result>
		</action>
		
    </package>

</struts>
